run,model,layers,cuda_device,num_generations,mean_marker_score,valid_python_rate,visible_pass_rate,hidden_pass_rate,task_pass_rate,mean_negative_activation,mean_positive_activation
main-qwen-coder-7b,Qwen/Qwen2.5-Coder-7B-Instruct,"9,14,18",NVIDIA A100-PCIE-40GB,27,0.037037037037037035,1.0,0.6296296296296297,0.48148148148148145,0.48148148148148145,0.5062703897555669,0.47497990992334155
main-deepseek-coder-6_7b,deepseek-ai/deepseek-coder-6.7b-instruct,"10,16,21",NVIDIA A100-PCIE-40GB,27,0.037037037037037035,0.7037037037037037,0.25925925925925924,0.25925925925925924,0.25925925925925924,0.4698669860760371,0.4496743169095781
